{"defaultHandlersVersion":{"en-US":4},"mimeTypes":{"application/pdf":{"action":3,"extensions":["pdf"]},"application/x-deb":{"action":0,"ask":true},"binary/octet-stream":{"action":0,"ask":true,"extensions":["gz"]}},"schemes":{"ircs":{"action":2,"ask":true,"handlers":[null,{"name":"Mibbit","uriTemplate":"https://www.mibbit.com/?url=%s"}]},"mailto":{"action":2,"ask":true,"handlers":[null,{"name":"Yahoo! Mail","uriTemplate":"https://compose.mail.yahoo.com/?To=%s"},{"name":"Gmail","uriTemplate":"https://mail.google.com/mail/?extsrc=mailto&url=%s"}]},"irc":{"action":2,"ask":true,"handlers":[null,{"name":"Mibbit","uriTemplate":"https://www.mibbit.com/?url=%s"}]}}}