{"chrome://browser/content/browser.xul":{"PersonalToolbar":{"collapsed":"false"},"main-window":{"sizemode":"normal","screenX":"0","screenY":"31","width":"1224","height":"819"},"sidebar-box":{"sidebarcommand":"viewHistorySidebar","width":""},"sidebar-title":{"value":"History"}},"chrome://browser/content/places/historySidebar.xul":{"place:type=0&sort=1&beginTime=1604898000000000&endTime=1604984400000000":{"open":"true"}},"chrome://mozapps/content/downloads/unknownContentType.xul":{"unknownContentType":{"screenX":"710","screenY":"335"}},"chrome://browser/content/places/places.xul":{"placesContentTags":{"ordinal":"3"},"placesContentUrl":{"ordinal":"5"},"placesContentDate":{"ordinal":"7"},"placesContentVisitCount":{"ordinal":"9"},"placesContentDateAdded":{"ordinal":"11"},"placesContentLastModified":{"ordinal":"13"},"places":{"screenX":"785","screenY":"164","width":"700","height":"500","sizemode":"normal"}}}